lat,lon,year,month,precip_mm
-8.75,116.25,2023,1,224.33201026916504
-8.75,116.25,2023,2,369.9814190864563
-8.75,116.25,2023,3,145.19883251190186
-8.75,116.25,2023,4,151.25428295135498
-8.75,116.25,2023,5,28.63373374938965
-8.75,116.25,2023,6,22.52541160583496
-8.75,116.25,2023,7,44.62969255447388
-8.75,116.25,2023,8,6.874366760253906
-8.75,116.25,2023,9,5.39583420753479
-8.75,116.25,2023,10,21.989234447479248
-8.75,116.25,2023,11,134.0153021812439
-8.75,116.25,2023,12,157.0680227279663
-8.75,116.25,2024,1,168.4815092086792
-8.75,116.25,2024,2,181.86229705810547
-8.75,116.25,2024,3,240.85071897506714
-8.75,116.25,2024,4,213.99025285243988
-8.75,116.25,2024,5,20.182201385498047
-8.75,116.25,2024,6,31.64404296875
-8.75,116.25,2024,7,41.148136138916016
-8.75,116.25,2024,8,6.83757109940052
-8.75,116.25,2024,9,7.988492250442505
-8.75,116.25,2024,10,79.61655753850937
-8.75,116.25,2024,11,192.73327255249023
-8.75,116.25,2024,12,500.6238851547241
-8.75,116.75,2023,1,159.59904289245605
-8.75,116.75,2023,2,269.4670844078064
-8.75,116.75,2023,3,143.876118183136
-8.75,116.75,2023,4,126.68413996696472
-8.75,116.75,2023,5,21.153095245361328
-8.75,116.75,2023,6,20.110973358154297
-8.75,116.75,2023,7,13.684150218963623
-8.75,116.75,2023,8,5.209910750389099
-8.75,116.75,2023,9,11.081169128417969
-8.75,116.75,2023,10,26.07670497894287
-8.75,116.75,2023,11,112.71802520751953
-8.75,116.75,2023,12,162.35408639907837
-8.75,116.75,2024,1,154.69791197776794
-8.75,116.75,2024,2,138.90297555923462
-8.75,116.75,2024,3,188.92569398880005
-8.75,116.75,2024,4,120.29030907154083
-8.75,116.75,2024,5,15.494144916534424
-8.75,116.75,2024,6,26.79514755308628
-8.75,116.75,2024,7,17.251585006713867
-8.75,116.75,2024,8,5.331509836076293
-8.75,116.75,2024,9,21.069719791412354
-8.75,116.75,2024,10,85.80400255322456
-8.75,116.75,2024,11,188.36918926239014
-8.75,116.75,2024,12,419.65493154525757
-8.75,117.25,2023,1,301.00906133651733
-8.75,117.25,2023,2,529.1204285621643
-8.75,117.25,2023,3,165.80308151245117
-8.75,117.25,2023,4,193.81260204315186
-8.75,117.25,2023,5,17.454006671905518
-8.75,117.25,2023,6,30.726799964904785
-8.75,117.25,2023,7,61.735690116882324
-8.75,117.25,2023,8,32.96630239486694
-8.75,117.25,2023,9,13.958526372909546
-8.75,117.25,2023,10,30.83079242706299
-8.75,117.25,2023,11,252.4408130645752
-8.75,117.25,2023,12,294.1816806793213
-8.75,117.25,2024,1,253.7178030014038
-8.75,117.25,2024,2,263.4993977546692
-8.75,117.25,2024,3,239.4442493915558
-8.75,117.25,2024,4,184.882975384593
-8.75,117.25,2024,5,11.665700435638428
-8.75,117.25,2024,6,24.299152851104736
-8.75,117.25,2024,7,56.72325897216797
-8.75,117.25,2024,8,33.128343755583046
-8.75,117.25,2024,9,41.03042106417706
-8.75,117.25,2024,10,162.32560454308987
-8.75,117.25,2024,11,350.35516262054443
-8.75,117.25,2024,12,656.4744005203247
-8.75,117.75,2023,1,247.0172519683838
-8.75,117.75,2023,2,564.3244905471802
-8.75,117.75,2023,3,217.7783203125
-8.75,117.75,2023,4,158.1540722846985
-8.75,117.75,2023,5,18.329086303710938
-8.75,117.75,2023,6,52.224584341049194
-8.75,117.75,2023,7,29.17503786087036
-8.75,117.75,2023,8,9.718333721160889
-8.75,117.75,2023,9,26.206105709075928
-8.75,117.75,2023,10,25.408696174621582
-8.75,117.75,2023,11,63.609599590301514
-8.75,117.75,2023,12,161.4299659729004
-8.75,117.75,2024,1,217.47715377807617
-8.75,117.75,2024,2,267.9278955459595
-8.75,117.75,2024,3,279.85117530822754
-8.75,117.75,2024,4,146.76929737254977
-8.75,117.75,2024,5,20.900124549865723
-8.75,117.75,2024,6,30.87990093231201
-8.75,117.75,2024,7,26.74563217163086
-8.75,117.75,2024,8,9.7514732144773
-8.75,117.75,2024,9,48.80946969985962
-8.75,117.75,2024,10,46.28524702787399
-8.75,117.75,2024,11,72.1049644947052
-8.75,117.75,2024,12,375.83611488342285
-8.75,118.25,2023,1,201.26513767242432
-8.75,118.25,2023,2,460.3974418640137
-8.75,118.25,2023,3,237.4846715927124
-8.75,118.25,2023,4,167.82231307029724
-8.75,118.25,2023,5,22.45195960998535
-8.75,118.25,2023,6,36.27575922012329
-8.75,118.25,2023,7,13.201879739761353
-8.75,118.25,2023,8,0
-8.75,118.25,2023,9,8.437064409255981
-8.75,118.25,2023,10,25.173605918884277
-8.75,118.25,2023,11,134.26056671142578
-8.75,118.25,2023,12,199.75664615631104
-8.75,118.25,2024,1,219.32554578781128
-8.75,118.25,2024,2,168.0143427848816
-8.75,118.25,2024,3,282.0818843841553
-8.75,118.25,2024,4,185.10445963498205
-8.75,118.25,2024,5,22.420656204223633
-8.75,118.25,2024,6,20.346315383911133
-8.75,118.25,2024,7,15.671967506408691
-8.75,118.25,2024,8,4.859305571357254
-8.75,118.25,2024,9,16.348297595977783
-8.75,118.25,2024,10,71.91502100229263
-8.75,118.25,2024,11,202.2869997024536
-8.75,118.25,2024,12,451.972665309906
-8.75,118.75,2023,1,147.88832664489746
-8.75,118.75,2023,2,381.0151081085205
-8.75,118.75,2023,3,232.76025772094727
-8.75,118.75,2023,4,258.42840003967285
-8.75,118.75,2023,5,27.618595123291016
-8.75,118.75,2023,6,92.22208023071289
-8.75,118.75,2023,7,24.373347759246826
-8.75,118.75,2023,8,14.20475721359253
-8.75,118.75,2023,9,11.10634183883667
-8.75,118.75,2023,10,13.00953221321106
-8.75,118.75,2023,11,55.38982653617859
-8.75,118.75,2023,12,133.3375735282898
-8.75,118.75,2024,1,170.37083983421326
-8.75,118.75,2024,2,139.14238500595093
-8.75,118.75,2024,3,317.7550449371338
-8.75,118.75,2024,4,241.24889405816793
-8.75,118.75,2024,5,27.327321529388428
-8.75,118.75,2024,6,44.18718767166138
-8.75,118.75,2024,7,29.639358043670654
-8.75,118.75,2024,8,14.353729593043681
-8.75,118.75,2024,9,23.69684076309204
-8.75,118.75,2024,10,20.251252219080925
-8.75,118.75,2024,11,102.59409880638123
-8.75,118.75,2024,12,417.1467533111572
-8.25,116.25,2023,1,206.5218644142151
-8.25,116.25,2023,2,433.11676692962646
-8.25,116.25,2023,3,152.2412919998169
-8.25,116.25,2023,4,112.47336959838867
-8.25,116.25,2023,5,28.32026767730713
-8.25,116.25,2023,6,26.466712713241577
-8.25,116.25,2023,7,31.92212677001953
-8.25,116.25,2023,8,7.377819776535034
-8.25,116.25,2023,9,15.678579568862915
-8.25,116.25,2023,10,31.410765647888184
-8.25,116.25,2023,11,55.31579399108887
-8.25,116.25,2023,12,78.64413547515869
-8.25,116.25,2024,1,233.2994818687439
-8.25,116.25,2024,2,171.57230854034424
-8.25,116.25,2024,3,366.6047010421753
-8.25,116.25,2024,4,134.00219482183456
-8.25,116.25,2024,5,20.01668882369995
-8.25,116.25,2024,6,38.30333232879639
-8.25,116.25,2024,7,24.08563995361328
-8.25,116.25,2024,8,7.532492458820343
-8.25,116.25,2024,9,25.98824167251587
-8.25,116.25,2024,10,56.157246828079224
-8.25,116.25,2024,11,145.74331855773926
-8.25,116.25,2024,12,344.2582936286926
-8.25,117.75,2023,1,426.66488456726074
-8.25,117.75,2023,2,954.9308462142944
-8.25,117.75,2023,3,416.35798263549805
-8.25,117.75,2023,4,294.15729331970215
-8.25,117.75,2023,5,59.116485595703125
-8.25,117.75,2023,6,90.11137533187866
-8.25,117.75,2023,7,24.511817455291748
-8.25,117.75,2023,8,26.390233039855957
-8.25,117.75,2023,9,27.423604726791382
-8.25,117.75,2023,10,40.9744668006897
-8.25,117.75,2023,11,178.49732780456543
-8.25,117.75,2023,12,211.45437049865723
-8.25,117.75,2024,1,597.2586183547974
-8.25,117.75,2024,2,412.480731010437
-8.25,117.75,2024,3,598.7025384902954
-8.25,117.75,2024,4,360.6276600398123
-8.25,117.75,2024,5,42.97847509384155
-8.25,117.75,2024,6,58.88400840759277
-8.25,117.75,2024,7,29.510104179382324
-8.25,117.75,2024,8,25.7581942435354
-8.25,117.75,2024,9,51.43379783630371
-8.25,117.75,2024,10,111.64468627423048
-8.25,117.75,2024,11,394.57725286483765
-8.25,117.75,2024,12,594.8327231407166
-7.75,117.25,2023,1,211.71986961364746
-7.75,117.25,2023,2,497.53270506858826
-7.75,117.25,2023,3,171.53357458114624
-7.75,117.25,2023,4,164.58346676826477
-7.75,117.25,2023,5,34.95907211303711
-7.75,117.25,2023,6,50.631327390670776
-7.75,117.25,2023,7,14.103782653808594
-7.75,117.25,2023,8,0
-7.75,117.25,2023,9,0
-7.75,117.25,2023,10,0
-7.75,117.25,2023,11,94.43553352355957
-7.75,117.25,2023,12,285.15349864959717
-7.75,117.25,2024,1,291.8663454055786
-7.75,117.25,2024,2,253.6116006374359
-7.75,117.25,2024,3,514.3403549194336
-7.75,117.25,2024,4,185.74508046358824
-7.75,117.25,2024,5,16.378446251153946
-7.75,117.25,2024,6,60.154904168099165
-7.75,117.25,2024,7,16.780779361724854
-7.75,117.25,2024,8,2.6094962269301334
-7.75,117.25,2024,9,1.5294449720531702
-7.75,117.25,2024,10,35.27495610900223
-7.75,117.25,2024,11,165.3974905014038
-7.75,117.25,2024,12,772.4906983375549
