"#","Kode Sumur","Fungsi","Latitude","Longitude","Alamat (Dusun)","Desa","Kecamatan","Kabupaten/Kota","Dibangun Oleh","Kedalaman (Meter)","Debit Pengambilan (Liter/Detik)","Tahun Pembangunan"
"1","SB-432","Air Bersih","-8.459","118.749","Penanae","Penanae","Raba","Kota Bima","Badan Geologi","0","0","2019"
"2","SB-431","Air Bersih","-8.43928","118.75345","Lingkungan Jatibaru","Jatibaru","Asakota","Kota Bima","DESDM NTB","0","0","2019"
"3","SB-430","Air Bersih","-8.49","118.74","Manggona'o","Manggona'o","Mpunda","Kota Bima","Badan Geologi","0","0","2016"
"4","SB-429","Air Bersih","-8.46178","118.73419","Manggemaci","Manggemaci","Mpunda","Kota Bima","Distamben NTB","0","0","2013"
"5","SB-428","Air Bersih","-8.48136","118.751","SDN 62 Kota Bima","Rontu","Raba","Kota Bima","Distamben NTB","0","0","2012"
"6","SB-427","Air Bersih","-8.3752","118.72399","Kel. Kolo","Kolo","Asakota","Kota Bima","Ditjen Minerba / Badan Geologi","0","0","2009"
"7","SB-426","Air Bersih","-8.45487","118.79718","Jatibaru","Jatibaru","Asakota","Kota Bima","Ditjen Minerba / Badan Geologi","0","0","2008"
"8","SB-425","Air Bersih","-8.47625","118.74671","Mande 3","Mande 3","Mpunda","Kota Bima","Ditjen Minerba / Badan Geologi","0","0","2007"
"9","SB-424","Air Bersih","-8.48178","118.71145","Kel. Wadumbolo","Wadumbolo","Asakota","Kota Bima","Distamben NTB","0","0","2007"
"10","SB-423","Air Bersih","-8.41785","118.77991","Kawasan Kapenta","Jatibaru","Asakota","Kota Bima","Distamben NTB","0","0","2003"
"11","SB-422","Air Bersih","-8.47917","118.72916","Dusun Kadole","Rabadompu","Rasanae","Kota Bima","Kanwil ESDM NTB","0","0","1995"
"12","SB-421","Air Bersih","-8.501","118.626","Ponpes Al-madinah","Sila","Bolo","Bima","Badan Geologi","0","0","2019"
"13","SB-420","Air Bersih","-8.495","118.541","Ndano","Ndano","Manggalewa","Bima","Badan Geologi","0","0","2019"
"14","SB-419","Air Bersih","-8.34","118.97","Oi Tui","Oi Tui","Wera","Bima","Badan Geologi","0","0","2016"
"15","SB-418","Air Bersih","-8.56192","118.86274","Desa Raba","Raba","Wawo","Bima","DESDM NTB","0","0","2016"
"16","SB-417","Air Bersih","-8.61963","118.72625","Desa Ngali","Ngali","Belo","Bima","DESDM NTB","0","0","2016"
"17","SB-416","Air Bersih","-8.375198","118.723988","Desa Bajo","Bajo","Soromandi","Bima","Badan Geologi","0","0","2015"
"18","SB-415","Air Bersih","-8.545562","118.697997","Desa Panda","Panda","Palibelo","Bima","Badan Geologi","0","0","2015"
"19","SB-414","Air Bersih","-8.30599","118.93073","Desa Rangga Solo","Rangga Solo","Wera","Bima","DESDM NTB","0","0","2015"
"20","SB-413","Air Bersih","-8.55501","118.85599","Dusun Rasabou","Kombo","Wawo","Bima","DESDM NTB","0","0","2015"
"21","SB-412","Air Bersih","-8.3133","118.77025","Dusun Pasir Putih","Nipa","Ambalawi","Bima","DESDM NTB","0","0","2015"
"22","SB-411","Air Bersih","-8.54081","118.63129","Desa Sanolo","Desa Sanolo","Belo","Bima","DESDM NTB","0","0","2015"
"23","SB-410","Air Bersih","-8.54","118.693","Bandara Sultan Salahudin","Belo","Palibelo","Bima","Badan Geologi","0","0","2014"
"24","SB-409","Air Bersih","-8.37349","118.799","Desa Rite","Rite","Ambalawi","Bima","Distamben NTB","0","0","2013"
"25","SB-408","Air Bersih","-8.53698","118.73784","Desa Teke","Teke","Palibelo","Bima","Distamben NTB","0","0","2013"
"26","SB-407","Air Bersih","-8.7334","118.698","Desa Wilamaci","Wilamaci","Monta","Bima","Distamben NTB","0","0","2013"
"27","SB-406","Air Bersih","-8.61313","118.722","Ponpes Umml Qura'","Ngali","Belo","Bima","Distamben NTB","0","0","2012"
"28","SB-405","Air Bersih","-8.54556","118.698","Desa Belo","Belo","Palibelo","Bima","Badan Geologi","0","0","2012"
"29","SB-404","Air Bersih","-8.55527","118.614","Desa Sondosia","Sondosia","Belo","Bima","Ditjen Minerba / Badan Geologi","0","0","2011"
"30","SB-403","Air Bersih","-8.34871","118.91583","Dusun Rasabou","Nunggi","Wera","Bima","Distamben NTB","0","0","2009"
"31","SB-402","Air Bersih","-8.54965","118.95441","Desa Parangina","Parangina","Sape","Bima","Ditjen Minerba / Badan Geologi","0","0","2007"
"32","SB-401","Air Bersih","-8.53349","118.6127","Desa Leu","Leu","Bolo","Bima","Ditjen Minerba / Badan Geologi","0","0","2007"
"33","SB-400","Air Bersih","-8.5945","118.70664","Masjid Desa Cenggu","Cenggu","Belo","Bima","Distamben NTB","0","0","2006"
"34","SB-399","Air Bersih","-8.36797","118.91612","Desa Nunggi","Nunggi","Wera","Bima","Ditjen Minerba / Badan Geologi","0","0","2004"
"35","SB-398","Air Bersih","-8.65611","118.66667","Dusun Lodo","Keli","Woha","Bima","Kanwil ESDM NTB","0","0","1997"
"36","SB-397","Air Bersih","-8.50902","118.48221","Masjid Al-muhajirin","O'o","Dompu","Dompu","Badan Geologi","0","0","2019"
"37","SB-396","Air Bersih","-8.611431","118.489542","Desa Temba Lae","Temba Lae","Pajo","Dompu","DESDM NTB","0","0","2019"
"38","SB-395","Air Bersih","-8.543517","118.45804","Desa Kandai Satu","Kandai Satu","Dompu","Dompu","DESDM NTB","0","0","2019"
"39","SB-394","Air Bersih","-8.485271","118.315456","Ponpes Fadilatul Islamiyah","Lanci Jaya","Manggelewa","Dompu","DESDM NTB","0","0","2019"
"40","SB-393","Air Bersih","-8.54081","118.4477","Lingkungan Simpasai","Simpasai","Woja","Dompu","DESDM NTB","0","0","2019"
"41","SB-392","Air Bersih","-8.51535","118.4822","Desa O'o","O'o","Dompu","Dompu","DESDM NTB","0","0","2019"
"42","SB-391","Air Bersih","-8.42618","117.95345","Resort Taman Nasional Tambora","Doro Ncanga","Pekat","Dompu","DESDM NTB","0","0","2018"
"43","SB-390","Air Bersih","-8.52606","118.27853","Desa Doro Kobo","Doro Kobo","Kempo","Dompu","DESDM NTB","0","0","2018"
"44","SB-389","Air Bersih","-8.54","118.465","RSUD Dompu","Bada","Dompu","Dompu","Badan Geologi","0","0","2017"
"45","SB-388","Air Bersih","-8.22083","117.71778","Kantor KPH Tambora","Calabai","Pekat","Dompu","DESDM NTB","0","0","2016"
"46","SB-387","Air Bersih","-8.57097","117.45083","Desa Dorebara","Dorebara","Dompu","Dompu","DESDM NTB","0","0","2016"
"47","SB-386","Air Bersih","-8.58235","118.476689","Desa Sorisakolo","Sorisakolo","Dompu","Dompu","Badan Geologi","0","0","2015"
"48","SB-385","Air Bersih","-8.58235","118.476689","Desa Kareke","Kareke","Dompu","Dompu","Badan Geologi","0","0","2015"
"49","SB-384","Air Bersih","-8.652816","118.438999","Desa Jala","Jala","Hu'u","Dompu","Badan Geologi","0","0","2013"
"50","SB-383","Air Bersih","-8.65282","118.439","Desa Cempi Jaya","Cempi Jaya","Hu'u","Dompu","Badan Geologi","0","0","2012"
"51","SB-382","Air Bersih","-8.45633","118.306","Ponpes Darun Hamzanwadi","Nusajaya","Manggelewa","Dompu","Distamben NTB","0","0","2012"
"52","SB-381","Air Bersih","-8.66182","118.472","Desa Woko","Woko","Pajo","Dompu","Ditjen Minerba / Badan Geologi","0","0","2011"
"53","SB-380","Air Bersih","-8.49644","118.28659","Masjid Dusun Cakarabaru","Sukadamai","Manggelewa","Dompu","Distamben NTB","0","0","2010"
"54","SB-379","Air Bersih","-8.38591","118.35282","Desa Taropo","Taropo","Kilo","Dompu","Ditjen Minerba / Badan Geologi","0","0","2009"
"55","SB-378","Air Bersih","-8.51314","118.47972","Ponpes Salman","O'o","Dompu","Dompu","Distamben NTB","0","0","2006"
"56","SB-377","Air Bersih","-8.58235","118.47669","Desa Lepadi","Lepadi","Pajo","Dompu","Ditjen Minerba / Badan Geologi","0","0","2005"
"57","SB-376","Air Bersih","-8.63146","118.48218","Masjid Ranggo, Dusun Sigi","Ranggo","Pajo","Dompu","Distamben NTB","0","0","2003"
"58","SB-375","Air Bersih","-8.686377","116.847095","Desa Meraran","Meraran","Seteluk","Sumbawa Barat","DESDM NTB","0","0","2019"
"59","SB-374","Air Bersih","-8.880206","116.81703","Desa Belo","Belo","Jereweh","Sumbawa Barat","DESDM NTB","0","0","2019"
"60","SB-373","Air Bersih","-8.63","116.86","Tapir Beru","Tapir","Seteluk","Sumbawa Barat","Badan Geologi","0","0","2017"
"61","SB-372","Air Bersih","-8.562349","116.863017","Desa Kokarlian","Kokarlian","Seteluk","Sumbawa Barat","Badan Geologi","0","0","2015"
"62","SB-371","Air Bersih","-8.556994","116.839002","Desa Kiantar","Kiantar","Poto Tano","Sumbawa Barat","Badan Geologi","0","0","2015"
"63","SB-370","Air Bersih","-8.72","116.845","Jl. Raya Taliwang","Sampir","Taliwang","Sumbawa Barat","Badan Geologi","0","0","2014"
"64","SB-369","Air Bersih","-8.772923","116.89441","Desa Batu Putih","Batu Putih","Taliwang","Sumbawa Barat","Badan Geologi","0","0","2013"
"65","SB-368","Air Bersih","-8.67493","116.828","Desa Kelanir","Kelanir","Seteluk","Sumbawa Barat","Badan Geologi","0","0","2012"
"66","SB-367","Air Bersih","-8.55699","116.839","Desa Tambak Sari","Tambak Sari","Pototano","Sumbawa Barat","Ditjen Minerba / Badan Geologi","0","0","2011"
"67","SB-366","Air Bersih","-8.73654","116.89961","Ponpes Himmatul Ummah","Sapugara","Brang Rea","Sumbawa Barat","Distamben NTB","0","0","2008"
"68","SB-365","Air Bersih","-8.56235","116.86302","Desa Kokarlian","Kokarlian","Seteluk","Sumbawa Barat","Ditjen Minerba / Badan Geologi","0","0","2007"
"69","SB-364","Air Bersih","-8.68463","116.78264","Desa Tuananga","Tuananga","Seteluk","Sumbawa Barat","Ditjen Minerba / Badan Geologi","0","0","2005"
"70","SB-363","Air Bersih","-8.77292","116.89441","Ponpes Al-ikhlas, Desa Menala","Menala","Taliwang","Sumbawa Barat","Distamben NTB","0","0","2001"
"71","SB-362","Air Bersih","-8.569223","117.43464","Olat Maras","Pernek","Moyo Hulu","Sumbawa","DESDM NTB","0","0","2020"
"72","SB-361","Air Bersih","-8.42196","117.11089","Desa Tengah","Tengah","Utan","Sumbawa","DESDM NTB","0","0","2019"
"73","SB-360","Air Bersih","-8.538892","117.010742","Masjid Dusun Penua","Juran Alas","Alas","Sumbawa","DESDM NTB","0","0","2019"
"74","SB-359","Air Bersih","-8.57088","117.43195","Universitas Teknologi Sumbawa (UTS)","Pernek","Moyo Hulu","Sumbawa","DESDM NTB","0","0","2019"
"75","SB-358","Air Bersih","-8.56","117.42","Al Kahfi / SMK Moyo Hulu","Pernek","Moyo Hulu","Sumbawa","Badan Geologi","0","0","2018"
"76","SB-357","Air Bersih","-8.5694","117.43216","Pernek (UTS Rektorat)","Pernek","Moyo Hulu","Sumbawa","Badan Geologi","0","0","2018"
"77","SB-356","Air Bersih","-8.72646","117.37556","Yayasan Dikbud Dea Malela, Dusun Olat Utuk","Pemangong","Lenangguar","Sumbawa","DESDM NTB","0","0","2017"
"78","SB-355","Air Bersih","-8.70052","117.40346","Desa Brang Rea","Brang Rea","Moyo Hulu","Sumbawa","DESDM NTB","0","0","2017"
"79","SB-354","Air Bersih","-8.43863","117.45831","Penyaring (pacuan Kuda)","Penyaring","Moyo Utara","Sumbawa","Badan Geologi","0","0","2017"
"80","SB-353","Air Bersih","-8.57134","117.4379","Pernek (UTS Fak Psikologi)","Pernek","Moyo Hulu","Sumbawa","Badan Geologi","0","0","2017"
"81","SB-352","Air Bersih","-8.59","117.467","Leseng","Leseng","Moyo Hulu","Sumbawa","Badan Geologi","0","0","2017"
"82","SB-351","Air Bersih","-8.9","117.77","Labangka","Labangka","Labangka","Sumbawa","Badan Geologi","0","0","2016"
"83","SB-350","Air Bersih","-8.47","117.37","Karang Dima","Karang Dima","Badas","Sumbawa","Badan Geologi","0","0","2016"
"84","SB-349","Air Bersih","-9.07603","117.1208","Dusun Sampar Goal","Emang Lestari","Lunyuk","Sumbawa","DESDM NTB","0","0","2016"
"85","SB-348","Air Bersih","-8.45333","117.03556","Desa Labuan Burung","Labuan Burung","Buer","Sumbawa","DESDM NTB","0","0","2016"
"86","SB-347","Air Bersih","-8.727736","118.015996","Desa Batu Lanteh","Batu Lanteh","Tarano","Sumbawa","Badan Geologi","0","0","2015"
"87","SB-346","Air Bersih","-8.824445","117.854785","Desa Prode-2","SP Prode II","Plampang","Sumbawa","Badan Geologi","0","0","2015"
"88","SB-345","Air Bersih","-8.7272","117.375","Ponpes Dea Malela, Dusun Pemangong","Lendanguar","Lendanguar","Sumbawa","DESDM NTB","0","0","2015"
"89","SB-344","Air Bersih","-8.65","117.426","Desa Semamung","Semamung","Moyo Hulu","Sumbawa","Badan Geologi","0","0","2014"
"90","SB-343","Air Bersih","-8.56136","117.42137","SMK Ponpes Al Kahfi","Batu Alang","Moyo Hulu","Sumbawa","Distamben NTB","0","0","2014"
"91","SB-342","Air Bersih","-8.5128","117.41053","Universitas Samawa, Jl Raya Bypass Sering","Sering","Unter Iwes","Sumbawa","Distamben NTB","0","0","2014"
"92","SB-341","Air Bersih","-8.582778","117.451107","Desa Aimual","Aimual","Lantung","Sumbawa","Badan Geologi","0","0","2013"
"93","SB-340","Air Bersih","-8.59144","117.45373","Ponpes Al Mutmainnah","Leseng","Moyo Hulu","Sumbawa","Distamben NTB","0","0","2013"
"94","SB-339","Air Bersih","-8.52851","117.44698","RSUD H.L. Manambai Abdul Kadir","Seketeng","Sumbawa","Sumbawa","Distamben NTB","0","0","2013"
"95","SB-338","Air Bersih","-8.72774","118.016","Desa Ampuh Labuhan Aji","Ampuh Labuhan Aji","Tarano","Sumbawa","Badan Geologi","0","0","2012"
"96","SB-337","Air Bersih","-8.43011","117.084","Ponpes Al Hikmah","Stowe Brang","Utan","Sumbawa","Distamben NTB","0","0","2012"
"97","SB-336","Air Bersih","-8.77411","117.96","Desa Lamenta","Lamenta","Empang","Sumbawa","Ditjen Minerba / Badan Geologi","0","0","2011"
"98","SB-335","Air Bersih","-8.45991","117.347","Sampar Maras","Empan","Labuan Badas","Sumbawa","Distamben NTB","0","0","2011"
"99","SB-334","Air Bersih","-8.90094","117.7699","Labangka I","Suka Mulya","Labangka","Sumbawa","Ditjen Minerba / Badan Geologi","0","0","2010"
"100","SB-333","Air Bersih","-8.67778","117.70605","Kantor Camat Maronge","Maronge","Maronge","Sumbawa","Distamben NTB","0","0","2010"
"101","SB-332","Air Bersih","-8.38697","117.14983","Desa Balebrang","Balebrang","Utan","Sumbawa","Ditjen Minerba / Badan Geologi","0","0","2009"
"102","SB-331","Air Bersih","-8.5585","116.95496","Desa Lekong","Lekong","Alas Barat","Sumbawa","Ditjen Minerba / Badan Geologi","0","0","2009"
"103","SB-330","Air Bersih","-8.5933","117.06696","Desa Klungkung","Klungkung","Batulanteh","Sumbawa","Ditjen Minerba / Badan Geologi","0","0","2008"
"104","SB-329","Air Bersih","-8.64436","117.49244","Desa Lito","Lito","Moyo Hulu","Sumbawa","Distamben NTB","0","0","2007"
"105","SB-328","Air Bersih","-8.45956","117.05833","Desa Buer","Buer","Buer","Sumbawa","Distamben NTB","0","0","2006"
"106","SB-327","Air Bersih","-8.52425","116.95315","Desa Usar Mapin","Usar Mapin","Alas Barat","Sumbawa","Distamben NTB","0","0","2006"
"107","SB-326","Air Bersih","-8.44321","117.24953","Desa Rhee Loka","Rhee Loka","Rhee","Sumbawa","Ditjen Minerba / Badan Geologi","0","0","2004"
"108","SB-325","Air Bersih","-8.51778","117.41917","Dusun Jorok","Jorok","Unter Iwes","Sumbawa","Distamben NTB","0","0","2001"
"109","SB-324","Air Bersih","-8.58278","117.525","Dusun Pungkit Beru","Pungkit","Lopok","Sumbawa","Kanwil ESDM NTB","0","0","1998"
"110","SB-323","Air Bersih","-8.58278","117.45111","Dusun Leseng","Batubulan","Moyo Hulu","Sumbawa","Kanwil ESDM NTB","0","0","1997"
"111","SB-322","Air Bersih","-8.61639","117.45111","Dusun Pelita","Mokong","Moyo Hulu","Sumbawa","Kanwil ESDM NTB","0","0","1997"
"112","SB-321","Air Bersih","-8.57908","116.138842","Lingkungan Nyangget","Selagalas","Sandubaya","Kota Mataram","DESDM NTB","0","0","2019"
"113","SB-320","Air Bersih","-8.58115","116.10898","Lapas Klas IIA Mataram","Mataram Barat","Mataram","Kota Mataram","Distamben NTB","0","0","2013"
"114","SB-319","Air Bersih","-8.462153","116.682439","Ponpes At Tahkimissorih Permatan Gunung Malang","Gunung Malang","Pringgabaya","Lombok Timur","DESDM NTB","0","0","2020"
"115","SB-318","Air Bersih","-8.691852","116.458433","MAN IC Suwangi Sakra","Suwangi","Sakra","Lombok Timur","DESDM NTB","0","0","2020"
"116","SB-317","Air Bersih","-8.71516","116.48171","Borok Toyang (puskesmas Belakang Kantor Desa)","Borok Toyang","Sakra Barat","Lombok Timur","Badan Geologi","0","0","2019"
"117","SB-316","Air Bersih","-8.67004","116.47468","Moyot Baru (masjid)","Moyot","Sakra","Lombok Timur","Badan Geologi","0","0","2019"
"118","SB-315","Air Bersih","-8.56294","116.46531","Desa Pengadangan Barat","Pengadangan Barat","Pringgasela","Lombok Timur","DESDM NTB","0","0","2019"
"119","SB-314","Air Bersih","-8.7398","116.52385","Masjid Nurul Ihsan, Dusun Lendang Loner","Menceh","Sakra Timur","Lombok Timur","DESDM NTB","0","0","2019"
"120","SB-313","Air Bersih","-8.76128","116.47863","Mts NW, Montong Sari","Selebung Ketangga","Keruak","Lombok Timur","DESDM NTB","0","0","2019"
"121","SB-312","Air Bersih","-8.58255","116.45189","Desa Lendang Nangka","Lendang Nangka","Masbagik","Lombok Timur","DESDM NTB","0","0","2019"
"122","SB-311","Air Bersih","-8.57171","116.45415","Desa Jurit","Jurit","Pringgasela","Lombok Timur","DESDM NTB","0","0","2019"
"123","SB-310","Air Bersih","-8.366219","116.534761","Dusun Timba Gading","Sembalun","Sembalun","Lombok Timur","DESDM NTB","0","0","2019"
"124","SB-309","Air Bersih","-8.36427","116.53474","Dusun Timba Gading","Sembalun","Sembalun","Lombok Timur","DESDM NTB","0","0","2019"
"125","SB-308","Air Bersih","-8.67536","116.47374","Masjid Bayanul Akbar Montong Kerarak","Sakra","Sakra","Lombok Timur","DESDM NTB","0","0","2019"
"126","SB-307","Air Bersih","-8.67358","116.47862","Dusun Karang Baru","Moyot","Sakra","Lombok Timur","DESDM NTB","0","0","2019"
"127","SB-306","Air Bersih","-8.69127","116.45115","Yayasan Jabal Hikmah Mekarsari","Suwangi Timur","Sakra","Lombok Timur","DESDM NTB","0","0","2018"
"128","SB-305","Air Bersih","-8.36369","116.53369","Dusun Timba Gading","Sembalun","Sembalun","Lombok Timur","DESDM NTB","0","0","2017"
"129","SB-304","Air Bersih","-8.62186","116.49253","Masjid Miftahul Jannah, Dusun Penakak","Masbagik Timur","Masbagik","Lombok Timur","DESDM NTB","0","0","2017"
"130","SB-303","Air Bersih","-8.70244","116.46489","Desa Tanak Kaken","Tanak Kaken","Sakra Barat","Lombok Timur","DESDM NTB","0","0","2017"
"131","SB-302","Air Bersih","-8.80819","116.06135","Desa Keruak","Keruak","Keruak","Lombok Timur","DESDM NTB","0","0","2017"
"132","SB-301","Air Bersih","-8.73208","116.50758","Ponpes Darul Abidin NW","Gerisak Semanggeleng","Sakra Barat","Lombok Timur","DESDM NTB","0","0","2017"
"133","SB-300","Air Bersih","-8.612","116.51","Anjani","Anjani","Suralaga","Lombok Timur","Badan Geologi","0","0","2017"
"134","SB-299","Air Bersih","-8.587","116.619","Anggaraksa","Kerumut","Pringgabaya","Lombok Timur","Badan Geologi","0","0","2017"
"135","SB-298","Air Bersih","-8.65","116.46","Darmasari","Sikur Selatan","Sikur","Lombok Timur","Badan Geologi","0","0","2016"
"136","SB-297","Air Bersih","-8.61414","116.51485","Ponpes Darussalam, Dsn. Banjar Manis, Ds. Anjani","Anjani","Suralaga","Lombok Timur","DESDM NTB","0","0","2016"
"137","SB-296","Air Bersih","-8.67219","116.47526","Masjid Al Falah, Desa Moyot","Moyot","Sakra","Lombok Timur","DESDM NTB","0","0","2016"
"138","SB-295","Air Bersih","-8.55361","116.48771","Ponpes As Syamil, Dusun Lilir, Desa Lenek Daya","Lenek Daya","Aikmel","Lombok Timur","DESDM NTB","0","0","2016"
"139","SB-294","Air Bersih","-8.6469","116.52801","PA Darul Aitam NW, Pancor","Pancor","Selong","Lombok Timur","DESDM NTB","0","0","2016"
"140","SB-293","Air Bersih","-8.72305","116.53341","LKS An Nashry, Desa Surabaya","Surabaya","Sakra Timur","Lombok Timur","DESDM NTB","0","0","2016"
"141","SB-292","Air Bersih","-8.688157","116.508371","Desa Gereneng Timur","Gereneng Timur","Sakra Timur","Lombok Timur","Badan Geologi","0","0","2015"
"142","SB-291","Air Bersih","-8.58221","116.4583","Desa Jurit","Jurit","Pringgasela","Lombok Timur","Badan Geologi","0","0","2015"
"143","SB-290","Air Bersih","-8.29916","116.64183","SPN Belanting","Belanting","Sambelia","Lombok Timur","DESDM NTB","0","0","2015"
"144","SB-289","Air Bersih","-8.722","116.46299","PA Birul Walidain, Rensing","Rensing","Sakra Barat","Lombok Timur","DESDM NTB","0","0","2015"
"145","SB-288","Air Bersih","-8.686","116.417","Jango, Kec. Janapria","","Janapria","Lombok Timur","Badan Geologi","0","0","2014"
"146","SB-287","Air Bersih","-8.53","116.61","Kec. Pringgabaya","","Pringgabaya","Lombok Timur","Badan Geologi","0","0","2014"
"147","SB-286","Air Bersih","-8.86272","116.58205","Pantai Pink Desa Sekaroh","Sekaroh","Jerowaru","Lombok Timur","Distamben NTB","0","0","2014"
"148","SB-285","Air Bersih","-8.5999","116.57824","Desa Mamben Lauk","Mamben Lauk","Aikmel","Lombok Timur","Distamben NTB","0","0","2014"
"149","SB-284","Air Bersih","-8.73069","116.48488","Masjid Almuttaqun, Desa Bung Tiang","Bungtiang","Sakra Barat","Lombok Timur","Distamben NTB","0","0","2014"
"150","SB-283","Air Bersih","-8.86218","116.47749","Ponpes Darul Quran Desa Pemokong","Pemokong","Jerowaru","Lombok Timur","Distamben NTB","0","0","2014"
"151","SB-282","Air Bersih","-8.58221","116.4583","Desa Jurit","Jurit","Pringgasela","Lombok Timur","Distamben NTB","0","0","2014"
"152","SB-281","Air Bersih","-8.6336","116.44845","Ponpes Taghfizul Quran Desa Sikur","Sikur","Sikur","Lombok Timur","Distamben NTB","0","0","2014"
"153","SB-280","Air Bersih","-8.63009","116.38242","Ponpes Ridhlol Walidain, Desa Jenggik","Jenggik","Terara","Lombok Timur","Distamben NTB","0","0","2014"
"154","SB-279","Air Bersih","-8.693281","116.446115","Desa Swangi Timur","Suwangi Timur","Sakra","Lombok Timur","Badan Geologi","0","0","2013"
"155","SB-278","Air Bersih","-8.528597","116.643055","Desa Bagik Papan","Bagik Papan","Pringgabaya","Lombok Timur","Badan Geologi","0","0","2013"
"156","SB-277","Air Bersih","-8.5116","116.62688","Gubug Baru, Desa Perigi","Perigi","Suela","Lombok Timur","Distamben NTB","0","0","2013"
"157","SB-276","Air Bersih","-8.67566","116.5143","Batu Mulut, Desa Denggen","Denggen","Selong","Lombok Timur","Distamben NTB","0","0","2013"
"158","SB-275","Air Bersih","-8.65569","116.4052","Dusun Selagik Tengah, Desa Selagik","Selagik","Terara","Lombok Timur","Distamben NTB","0","0","2013"
"159","SB-274","Air Bersih","-8.63503","116.58346","Desa Ijobalit","Ijobalit","Labuhan Haji","Lombok Timur","Badan Geologi","0","0","2012"
"160","SB-273","Air Bersih","-8.64804","116.52429","Mushalla Nurul Iman, Gubug Lauq Mesjid, Pancor","Pancor","Selong","Lombok Timur","Distamben NTB","0","0","2012"
"161","SB-272","Air Bersih","-8.66795","116.56013","Desa Kelayu","Kelayu","Selong","Lombok Timur","Ditjen Minerba / Badan Geologi","0","0","2011"
"162","SB-271","Air Bersih","-8.73131","116.498","Desa Sakra Selatan","Sakra Selatan","Sakra","Lombok Timur","Ditjen Minerba / Badan Geologi","0","0","2011"
"163","SB-270","Air Bersih","-8.67002","116.47637","Desa Moyot","Moyot","Sakra","Lombok Timur","Distamben NTB","0","0","2011"
"164","SB-269","Air Bersih","-8.75205","116.46526","Desa Senyiur","Senyiur","Keruak","Lombok Timur","Ditjen Minerba / Badan Geologi","0","0","2011"
"165","SB-268","Air Bersih","-8.67536","116.43084","Desa Santong","Santong","Terara","Lombok Timur","Ditjen Minerba / Badan Geologi","0","0","2011"
"166","SB-267","Air Bersih","-8.65562","116.55949","Yayasan Darul Muhsin NW, Tanjung Teros","Tanjung Teros","Labuhan Haji","Lombok Timur","Distamben NTB","0","0","2010"
"167","SB-266","Air Bersih","-8.77253","116.49159","Desa Keruak","Keruak","Keruak","Lombok Timur","Ditjen Minerba / Badan Geologi","0","0","2010"
"168","SB-265","Air Bersih","-8.73136","116.48214","Ponpes Hidayatul Ikhwan NW Bungtiang","Bungtiang","Sakra Barat","Lombok Timur","Distamben NTB","0","0","2010"
"169","SB-264","Air Bersih","-8.65264","116.41566","Yayasan Pendidikan Ishlahul Ummah NW, Suradadi","Suradadi","Terara","Lombok Timur","Distamben NTB","0","0","2010"
"170","SB-263","Air Bersih","-8.77131","116.493","Dsn. Batu Putih, Ds. Sepit","Sepit","Keruak","Lombok Timur","Ditjen Minerba / Badan Geologi","0","0","2009"
"171","SB-262","Air Bersih","-8.67307","116.39898","Dusun Rarang Selatan, Desa Rarang","Rarang","Terara","Lombok Timur","Distamben NTB","0","0","2009"
"172","SB-261","Air Bersih","-8.78419","116.46728","Pejeruk, Desa Jerowaru","Jerowaru","Jerowaru","Lombok Timur","Ditjen Minerba / Badan Geologi","0","0","2008"
"173","SB-260","Air Bersih","-8.63024","116.46131","Ponpes Raudhlatul Tholibin, Desa Paok Motong","Paok Motong","Motong","Lombok Timur","Distamben NTB","0","0","2008"
"174","SB-259","Air Bersih","-8.59635","116.5009","Ponpes Syekh Zainuddin NW, Desa Anjani","Anjani","Suralaga","Lombok Timur","Distamben NTB","0","0","2007"
"175","SB-258","Air Bersih","-8.73548","116.499","Ponpes Ad-durun Nafis, Desa Pengkelak Mas","Pengkelak Mas","Sakra Barat","Lombok Timur","Distamben NTB","0","0","2007"
"176","SB-257","Air Bersih","-8.68343","116.3933","Dsn. Jiken, Desa Rarang","Rarang","Terara","Lombok Timur","Distamben NTB","0","0","2006"
"177","SB-256","Air Bersih","-8.7032","116.21123","Desa Sukaraja","Sukaraja","Jerowaru","Lombok Timur","Ditjen Minerba / Badan Geologi","0","0","2006"
"178","SB-255","Air Bersih","-8.68352","116.45115","Desa Suwangi","Suwangi","Sakra","Lombok Timur","Distamben NTB","0","0","2005"
"179","SB-254","Air Bersih","-8.68395","116.48403","Desa Sakra","Sakra","Sakra","Lombok Timur","Distamben NTB","0","0","2004"
"180","SB-253","Air Bersih","-8.70868","116.50774","Dusun Juet , Desa Lepak","Lepak","Sakra Timur","Lombok Timur","Distamben NTB","0","0","2003"
"181","SB-252","Air Bersih","-8.65512","116.45276","Ponpes Kondok Barokah, Desa Montong Baan","Montong Baan","Sikur","Lombok Timur","Distamben NTB","0","0","2003"
"182","SB-251","Air Bersih","-8.69671","116.49513","Dusun Montong Kubur, Desa Sakra","Sakra","Sakra","Lombok Timur","Distamben NTB","0","0","2002"
"183","SB-250","Air Bersih","-8.64722","116.57222","Dusun Geres Lauq, Desa Ijobalit","Ijobalit","Selong","Lombok Timur","Kanwil ESDM NTB","0","0","1999"
"184","SB-249","Air Bersih","-8.78611","116.48056","Dusun Jerowaru Daye, Desa Jerowaru","Jerowaru","Keruak","Lombok Timur","Kanwil ESDM NTB","0","0","1999"
"185","SB-248","Air Bersih","-8.68555","116.53055","Dusun Gunungsiup, Desa Denggen","Denggen","Selong","Lombok Timur","Kanwil ESDM NTB","0","0","1998"
"186","SB-247","Air Bersih","-8.82111","116.43333","Dusun Tembere","Batunampar","Keruak","Lombok Timur","Kanwil ESDM NTB","0","0","1995"
"187","SB-246","Air Bersih","-8.690788","116.297605","Ponpes Al Muslimun","Bunut Baok","Praya","Lombok Tengah","DESDM NTB","0","0","2020"
"188","SB-245","Air Bersih","-8.760041","116.259516","BLKLN Batujai","Penujak","Praya Barat","Lombok Tengah","DESDM NTB","0","0","2020"
"189","SB-244","Air Bersih","-8.72864","116.31055","Ponpes Nurussobah Batunyala","Batunyala","Praya Tengah","Lombok Tengah","Badan Geologi","0","0","2019"
"190","SB-243","Air Bersih","-8.71978","116.3775","Aik Beleq","Langko","Janapria","Lombok Tengah","Badan Geologi","0","0","2019"
"191","SB-242","Air Bersih","-8.71873","116.379","Ponpes At-tamimi","Tiwugalih","Praya","Lombok Tengah","Badan Geologi","0","0","2019"
"192","SB-241","Air Bersih","-8.687697","116.193742","Dusun Tandek","Labulia","Jonggat","Lombok Tengah","Badan Geologi","0","0","2019"
"193","SB-240","Air Bersih","-8.75","116.22","Setanggor","Setanggor","Praya Barat Daya","Lombok Tengah","Badan Geologi","0","0","2017"
"194","SB-239","Air Bersih","-8.74868","116.25391","Dusun Mentokok","Penujak","Praya Barat","Lombok Tengah","DESDM NTB","0","0","2016"
"195","SB-238","Air Bersih","-8.74647","116.25384","Masjid Baiturrahman, Dsn. Mentokok","Penujak","Praya Barat","Lombok Tengah","DESDM NTB","0","0","2016"
"196","SB-237","Air Bersih","-8.83459","116.11204","Dsn. Aik Mumbul","Montong Ajan","Praya Barat Daya","Lombok Tengah","DESDM NTB","0","0","2016"
"197","SB-236","Air Bersih","-8.68482","116.30628","Dusun Gerepek","Bunut Baok","Praya","Lombok Tengah","DESDM NTB","0","0","2016"
"198","SB-235","Air Bersih","-8.6897","116.28463","Lingkungan Melak","Gerunung","Praya","Lombok Tengah","DESDM NTB","0","0","2016"
"199","SB-234","Air Bersih","-8.84159","116.20082","Dusun Batu Ampun","Mangkung","Praya Barat","Lombok Tengah","DESDM NTB","0","0","2016"
"200","SB-233","Air Bersih","-8.76583","116.39528","Ponpes Al Muslihun","Menseh","Praya Timur","Lombok Tengah","DESDM NTB","0","0","2016"
"201","SB-232","Air Bersih","-8.68698","116.27863","Ponpes Subulussalam Yapisba","Gerunung","Praya","Lombok Tengah","DESDM NTB","0","0","2016"
"202","SB-231","Air Bersih","-8.82139","116.32619","Ponpes Al Baladul Amin, Dusun Sebuta","Pengengat","Pujut","Lombok Tengah","DESDM NTB","0","0","2016"
"203","SB-230","Air Bersih","-8.88551","116.23905","Desa Sukadana","Sukadana","Pujut","Lombok Tengah","Badan Geologi","0","0","2015"
"204","SB-229","Air Bersih","-8.684838","116.32527","Desa Pengadang","Pengadang","Praya Tengah","Lombok Tengah","Badan Geologi","0","0","2015"
"205","SB-228","Air Bersih","-8.76516","116.396","Dusun Menseh","Ganti","Praya Timur","Lombok Tengah","DESDM NTB","0","0","2015"
"206","SB-227","Air Bersih","-8.66871","116.37108","Ponpes Al-idrisy","Paok Dandak","Janapria","Lombok Tengah","DESDM NTB","0","0","2015"
"207","SB-226","Air Bersih","-8.6932","116.30022","Ponpes Darul Habibie","Bunut Baok","Praya","Lombok Tengah","DESDM NTB","0","0","2015"
"208","SB-225","Air Bersih","-8.67336","116.2409","Yayasan Thoriqat Haq Naqsyabandi","Puyung","Jonggat","Lombok Tengah","DESDM NTB","0","0","2015"
"209","SB-224","Air Bersih","-8.69495","116.20817","Dusun Dasanduah","Sukarara","Jonggat","Lombok Tengah","DESDM NTB","0","0","2015"
"210","SB-223","Air Bersih","-8.79308","116.19154","Dusun Mengkoneng","Pandan Indah","Praya Barat Daya","Lombok Tengah","DESDM NTB","0","0","2015"
"211","SB-222","Air Bersih","-8.838","116.296","Rembitan","Rembitan","Pujut","Lombok Tengah","Badan Geologi","0","0","2014"
"212","SB-221","Air Bersih","-8.73777","116.38088","Ponpes Ibadurrahman, Dusun Tibu Sisok","Loangmaka","Janapria","Lombok Tengah","Distamben NTB","0","0","2014"
"213","SB-220","Air Bersih","-8.6932","116.36859","Dusun Mamong","Kerembong","Janapria","Lombok Tengah","Distamben NTB","0","0","2014"
"214","SB-219","Air Bersih","-8.7082","116.2877","Dusun Tiwuh Galih","Tiwuh Galih","Praya","Lombok Tengah","Distamben NTB","0","0","2014"
"215","SB-218","Air Bersih","-8.71609","116.18395","Yayasan Ainul Ridho Desa Ranggagata","Ranggagata","Praya Barat Daya","Lombok Tengah","Distamben NTB","0","0","2014"
"216","SB-217","Air Bersih","-8.885507","116.239046","Desa Pengembur","Pengembur","Pujut","Lombok Tengah","Badan Geologi","0","0","2013"
"217","SB-216","Air Bersih","-8.66518","116.29389","Ponpes Nurul Quran, Dsn Aik Kalis / Ldg Simbe","Mertak Tombok","Praya","Lombok Tengah","Distamben NTB","0","0","2013"
"218","SB-215","Air Bersih","-8.748","116.16675","Mapasan","Serage","Praya Barat Daya","Lombok Tengah","Distamben NTB","0","0","2013"
"219","SB-214","Air Bersih","-8.7731","116.36583","Ponpes As Safi'iyah Penangsak","Sengkerang","Praya Timur","Lombok Tengah","Distamben NTB","0","0","2012"
"220","SB-213","Air Bersih","-8.83133","116.18248","Desa Mangkung","Mangkung","Praya Barat","Lombok Tengah","Badan Geologi","0","0","2012"
"221","SB-212","Air Bersih","-8.64618","116.28916","Desa Aikmual","Aikmual","Praya","Lombok Tengah","Ditjen Minerba / Badan Geologi","0","0","2011"
"222","SB-211","Air Bersih","-8.85526","116.20516","Desa Kateng","Kateng","Praya Barat","Lombok Tengah","Ditjen Minerba / Badan Geologi","0","0","2011"
"223","SB-210","Air Bersih","-8.74111","116.17422","Desa Pelambik","Pelambik","Praya Barat Daya","Lombok Tengah","Ditjen Minerba / Badan Geologi","0","0","2011"
"224","SB-209","Air Bersih","-8.77112","116.3637","Ponpes Hidayatussibayan NW","Sengkerang","Praya Timur","Lombok Tengah","Ditjen Minerba / Badan Geologi","0","0","2009"
"225","SB-208","Air Bersih","-8.73301","116.18193","Desa Serage","Serage","Praya Barat Daya","Lombok Tengah","Ditjen Minerba / Badan Geologi","0","0","2009"
"226","SB-207","Air Bersih","-8.68703","116.1744","Desa Labulia","Labulia","Jonggat","Lombok Tengah","Ditjen Minerba / Badan Geologi","0","0","2008"
"227","SB-206","Air Bersih","-8.74081","116.2455","Ponpes Nurul Muhsinin","Batujai","Praya Tengah","Lombok Tengah","Distamben NTB","0","0","2007"
"228","SB-205","Air Bersih","-8.68721","116.33281","Ponpes Sapiatunnajam","Pengadang","Praya Tengah","Lombok Tengah","Distamben NTB","0","0","2006"
"229","SB-204","Air Bersih","-8.76694","116.39752","Dusun Sepakat","Ganti","Praya Timur","Lombok Tengah","Distamben NTB","0","0","2003"
"230","SB-203","Air Bersih","-8.77022","116.42219","Ponpes Nurul Ikhlas","Sukaraja","Praya Timur","Lombok Tengah","Distamben NTB","0","0","2001"
"231","SB-202","Air Bersih","-8.81805","116.14277","Dusun Batujangkih","Mt. Sapah","Praya","Lombok Tengah","Kanwil ESDM NTB","0","0","2000"
"232","SB-201","Air Bersih","-8.775","116.37889","Dusun Presak","Landah","Praya Timur","Lombok Tengah","Kanwil ESDM NTB","0","0","1999"
"233","SB-200","Air Bersih","-8.73166","116.34111","Dusun Jeruju","Kelebuh","Praya","Lombok Tengah","Kanwil ESDM NTB","0","0","1999"
"234","SB-199","Air Bersih","-8.74166","116.42833","Dusun Gulung","Lekor","Janapria","Lombok Tengah","Kanwil ESDM NTB","0","0","1998"
"235","SB-198","Air Bersih","-8.691762","116.419449","Dsn. Jango","Saba","Janapria","Lombok Tengah","Kanwil ESDM NTB","0","0","1997"
"236","SB-197","Air Bersih","-8.72056","116.19667","Dsn.ungga","Ungga","Praya Barat Daya","Lombok Tengah","Kanwil ESDM NTB","0","0","1996"
"237","SB-196","Air Bersih","-8.88945","116.30223","Dsn. Ngolang","Teruwai","Pujut","Lombok Tengah","Kanwil ESDM NTB","0","0","1994"
"238","SB-195","Air Bersih","-8.40548","116.12508","Rangsot (dekat Pustu)","Sigar Penjalin","Tanjung","Lombok Utara","Badan Geologi","0","0","2019"
"239","SB-194","Air Bersih","-8.25509","116.26252","Lengkukun","Lengkukun","Kayangan","Lombok Utara","Badan Geologi","0","0","2019"
"240","SB-193","Air Bersih","-8.32623","116.21349","Dusun Bulansemu","Pers. Segara Katon/genggelang","Gangga","Lombok Utara","DESDM NTB","0","0","2019"
"241","SB-192","Air Bersih","-8.38786","116.11803","Desa Sigar Penjalin","Sigar Penjalin","Tanjung","Lombok Utara","DESDM NTB","0","0","2019"
"242","SB-191","Air Bersih","-8.29936","116.21933","Desa Rempek","Rempek","Gangga","Lombok Utara","Badan Geologi","0","0","2018"
"243","SB-190","Air Bersih","-8.35278","116.20556","Baru Murmas","Bentek","Gangga","Lombok Utara","Badan Geologi","0","0","2016"
"244","SB-189","Air Bersih","-8.38212","116.17192","Desa Jenggala","Jenggala","Tanjung","Lombok Utara","DESDM NTB","0","0","2016"
"245","SB-188","Air Bersih","-8.40814","116.11531","Dusun Terengan","Pemenang Timur","Pemenang","Lombok Utara","DESDM NTB","0","0","2015"
"246","SB-187","Air Bersih","-8.41324","116.11846","Dusun Terengan Daye","Pemenang Timur","Pemenang","Lombok Utara","Ditjen Minerba / Badan Geologi","0","0","2008"
"247","SB-186","Air Bersih","-8.40799","116.09801","Desa Pemenang Timur","Pemenang Timur","Pemenang","Lombok Utara","Ditjen Minerba / Badan Geologi","0","0","2006"
"248","SB-185","Air Bersih","-8.66791","116.15333","Ponpes Darussalam","Babussalam","Gerung","Lombok Barat","Badan Geologi","0","0","2019"
"249","SB-184","Air Bersih","-8.66035","116.18237","Ponpes Al-ijtihadul Mukminin","Kuripan Utara","Kuripan","Lombok Barat","Badan Geologi","0","0","2019"
"250","SB-183","Air Bersih","-8.64903","116.09609","Ponpes Al-muslimun","Kebon Kongok","Gerung","Lombok Barat","Badan Geologi","0","0","2019"
"251","SB-182","Air Bersih","-8.53438","116.12643","Desa Dopang (bukit Korea)","Dopang","Gunung Sari","Lombok Barat","DESDM NTB","0","0","2019"
"252","SB-181","Air Bersih","-8.80819","116.06135","Yayasan Darul Ihsan, Dusun Timbal","Taman Baru","Sekotong","Lombok Barat","DESDM NTB","0","0","2017"
"253","SB-180","Air Bersih","-8.59287","116.23907","Ponpes Al-kamal NW Tibupiling","Golong","Narmada","Lombok Barat","DESDM NTB","0","0","2017"
"254","SB-179","Air Bersih","-8.8","116.05","Loang Batu","Sekotong Tengah","Sekotong","Lombok Barat","Badan Geologi","0","0","2016"
"255","SB-178","Air Bersih","-8.75","116.067","Tibu Lilin","Jembatan Kembar Timur","Lembar","Lombok Barat","Badan Geologi","0","0","2016"
"256","SB-177","Air Bersih","-8.51864","116.14093","Dusun Erat Mate","Mekarsari","Gunungsari","Lombok Barat","DESDM NTB","0","0","2016"
"257","SB-176","Air Bersih","-8.5214","116.07948","Dusun Kekeran","Batulayar","Batulayar","Lombok Barat","DESDM NTB","0","0","2016"
"258","SB-175","Air Bersih","-8.66768","116.15329","Ponpes Darussalam Dusun Bermi","Babussalam","Gerung","Lombok Barat","DESDM NTB","0","0","2016"
"259","SB-174","Air Bersih","-8.64578","116.18241","Ponpes Al Madani","Pelulan","Kuripan","Lombok Barat","DESDM NTB","0","0","2015"
"260","SB-173","Air Bersih","-8.56335","116.1496","Ponpes Darun Najah, Duman","Lingsar","Narmada","Lombok Barat","DESDM NTB","0","0","2015"
"261","SB-172","Air Bersih","-8.685","116.155","Kec. Kuripan","Kuripan","Kuripan","Lombok Barat","Badan Geologi","0","0","2014"
"262","SB-171","Air Bersih","-8.54528","116.10436","Ponpes Al-aziziah","Gunung Sari","Gunung Sari","Lombok Barat","Distamben NTB","0","0","2014"
"263","SB-170","Air Bersih","-8.697351","116.163439","Desa Giri Sasak","Giri Sasak","Kuripan","Lombok Barat","Badan Geologi","0","0","2013"
"264","SB-169","Air Bersih","-8.527899","116.092299","Desa Bengkaung","Bengkaung","Batulayar","Lombok Barat","Badan Geologi","0","0","2013"
"265","SB-168","Air Bersih","-8.714","116.15118","Ponpes Almujahidin","Banyu Urip","Gerung","Lombok Barat","Distamben NTB","0","0","2013"
"266","SB-167","Air Bersih","-8.70299","116.15096","Ponpes Assaidiyah NW","Tempos","Gerung","Lombok Barat","Distamben NTB","0","0","2013"
"267","SB-166","Air Bersih","-8.6372","116.1503","Ponpes Nurul Hakim","Kediri","Kediri","Lombok Barat","Distamben NTB","0","0","2013"
"268","SB-165","Air Bersih","-8.70925","116.14283","Desa Tempos","Tempos","Gerung","Lombok Barat","Badan Geologi","0","0","2012"
"269","SB-164","Air Bersih","-8.71702","116.13593","Desa Tempos","Tempos","Gerung","Lombok Barat","Ditjen Minerba / Badan Geologi","0","0","2011"
"270","SB-163","Air Bersih","-8.70387","116.09584","Jembatan Kembar","Jembatan Kembar","Lembar","Lombok Barat","Ditjen Minerba / Badan Geologi","0","0","2011"
"271","SB-162","Air Bersih","-8.76991","115.97316","Dusun Majapahit","Kedaro","Sekotong Tengah","Lombok Barat","Distamben NTB","0","0","2011"
"272","SB-161","Air Bersih","-8.52935","116.08167","Ponpes Nurul Hakim","Kediri","Kediri","Lombok Barat","Ditjen Minerba / Badan Geologi","0","0","2010"
"273","SB-160","Air Bersih","-8.52935","116.08167","Desa Batulayar","Batulayar","Batulayar","Lombok Barat","Ditjen Minerba / Badan Geologi","0","0","2010"
"274","SB-159","Air Bersih","-8.63968","116.17671","Ponpes Abu Dzar Al Ghifari","Montong Are","Kediri","Lombok Barat","Ditjen Minerba / Badan Geologi","0","0","2009"
"275","SB-158","Air Bersih","-8.67214","116.19102","Dusun Brambang","Kuripan Timur","Kuripan","Lombok Barat","Ditjen Minerba / Badan Geologi","0","0","2008"
"276","SB-157","Air Bersih","-8.55919","116.24338","Dsn. Sambik Baru","Sesaot","Narmada","Lombok Barat","Distamben NTB","0","0","2007"
"277","SB-156","Air Bersih","-8.68507","116.16294","Dsn. Enjak","Banyu Urip","Lembar","Lombok Barat","Ditjen Minerba / Badan Geologi","0","0","2007"
"278","SB-155","Air Bersih","-8.78201","116.09251","Dsn. Batubagus","Mareje","Lembar","Lombok Barat","Distamben NTB","0","0","2007"
"279","SB-154","Air Bersih","-8.77677","116.04767","Dsn. Empol","Sekotong Tengah","Sekotong","Lombok Barat","Distamben NTB","0","0","2003"
"280","SB-153","Air Bersih","-8.63473","116.15861","Dsn. Kr.bedil Selatan","Kediri","Kediri","Lombok Barat","Kanwil ESDM NTB","0","0","2000"
"281","SB-152","Irigasi","590809.8","9035083.01","Poktan Lang Luar","Lalar Liang","Taliwang","Sumbawa Barat","Dinas PUPR","20","1","2022"
"282","SB-151","Air Bersih","480812","9035177.86","-","Seteluk","Seteluk","Sumbawa Barat","Dinas PUPR","80","1","2022"
"283","SB-150","Irigasi","473569.15","9009057.79","-","Kemuning","Sumbawa Barat","Sumbawa Barat","Dinas PUPR","75","1","2021"
"284","SB-149","Irigasi","484569.53","9046828.92","-","Seteluk Tengah","Seteluk","Sumbawa Barat","Dinas PUPR","80","1","2021"
"285","SB-148","Air Bersih","611263.81","974670000000","-","Sepayung","Plampang","Sumbawa","Dinas PUPR","60","1","2023"
"286","SB-147","Air Bersih","554000.49","93539000000","Poktan Perjuangan","Rhee","Rhee","Sumbawa","Dinas PUPR","80","1.5","2023"
"287","SB-146","Air Bersih","-","-","Sering Ai Beta","Kerato","Unter Iwes","Sumbawa","Dinas PUPR","65","1","2023"
"288","SB-145","Air Bersih","514906.074","9069695.531","-","Utan","Utan","Sumbawa","Dinas PUPR","80","1","2023"
"289","SB-144","Air Bersih","-","-","-","Sabedo","Utan","Sumbawa","Dinas PUPR","80","1","2023"
"290","SB-143","Air Bersih","541696.523","9055434.252","-","Pelat","Unter Iwes","Sumbawa","Dinas PUPR","84","1","2023"
"291","SB-142","Air Bersih","554573.14","9056879","Makam Syeh Ibrahim","Moyo Mekar","Moyo Hilir","Sumbawa","Dinas PUPR","65","1","2022"
"292","SB-141","Irigasi","511686.33","9068318.87","Poktan Gapuri Orong Dumpu","Tengah","Utan","Sumbawa","Dinas PUPR","74","1","2022"
"293","SB-140","Irigasi","552353.89","9060525.91","-","Poto","Moyo Hilir","Sumbawa","Dinas PUPR","80","1","2022"
"294","SB-139","Irigasi","574110.71","9042564.74","-","Pemasar","Maronge","Sumbawa","Dinas PUPR","78","1","2022"
"295","SB-138","Air Bersih/permukiman","545559.11","9064417.64","-","Labuan","Labuhan Badas","Sumbawa","Dinas PUPR","75","1","2022"
"296","SB-137","Air Bersih","514157.29","9070008.69","-","Orong Bawa","Utan","Sumbawa","Dinas PUPR","50","1","2022"
"297","SB-136","Air Bersih/permukiman","560227.8","9048435.65","-","Lopok","Lopok","Sumbawa","Dinas PUPR","72","1","2022"
"298","SB-135","Irigasi","544520.1","9058223.85","-","Kerato","Unter Iwes","Sumbawa","Dinas PUPR","70","1","2022"
"299","SB-134","Air Bersih/permukiman","548154.14","9052550.74","-","Leseng","Moyo Hulu","Sumbawa","Dinas PUPR","100","1","2022"
"300","SB-133","Irigasi","550191.15","9068125.35","Omo","Penyaring","Moyo Utara","Sumbawa","Dinas PUPR","44","1","2022"
"301","SB-132","Irigasi","637835.6","9037007.3","-","Tolo'oi","Tarano","Sumbawa","Dinas PUPR","60","1","2021"
"302","SB-131","Irigasi","513153.96","9071916.99","-","Orong Bawa","Utan","Sumbawa","Dinas PUPR","60","1.2","2021"
"303","SB-130","Irigasi","-","-","Pernek Baru","Pernek","Moyohulu","Sumbawa","Dinas PUPR","70","1","2021"
"304","SB-129","Ai Bersih/permukiman","581869.01","9016145.14","Yayasan Mushaniful Ulum","Sukadamai","Labangka","Sumbawa","Dinas PUPR","80","1","2021"
"305","SB-128","Air Bersih","407749.46","9049900.43","-","Bertais","Sandubaya","Mataram","Dinas PUPR","45","1","2022"
"306","SB-127","Air Bersih","445688.07","9072870.89","Telaga","Sembalun Lawang","Sembalun","Lombok Timur","Dinas PUPR","20","1.73","2024"
"307","SB-126","Irigasi","487035.34","9023916.13","Kampung Sasak","Labuan Lombok","Pringgabaya","Lombok Timur","Dinas PUPR","76","3.33","2024"
"308","SB-125","Irigasi","433246.26","9040716.58","Sayang","Rarang Batas","Terara","Lombok Timur","Dinas PUPR","84","2","2023"
"309","SB-124","Irigasi","425145.64","9038895.46","-","Jurang Jaler","Praya Tengah","Lombok Timur","Dinas PUPR","55","1","2023"
"310","SB-123","Irigasi","447239.16","9033692.65","-","Menceh","Sakra Timur","Lombok Timur","Dinas PUPR","64","1","2023"
"311","SB-122","Irigasi","444079.87","9034653.53","Mandik","Gelanggang","Sakra Timur","Lombok Timur","Dinas PUPR","65","1","2023"
"312","SB-121","Irigasi","454437.43","9049815.25","-","Suralaga","Suralaga","Lombok Timur","Dinas PUPR","78","1","2023"
"313","SB-120","Air Bersih","445690.38","9041454.18","-","Denggen","Selong","Lombok Timur","Dinas PUPR","84","1","2023"
"314","SB-119","Air Bersih","441320.57","9036083.9","Panggongan","Gunung Rajak","Sakra Barat","Lombok Timur","Dinas PUPR","80","1","2023"
"315","SB-118","Air Bersih","434940.8","9056910.23","Kembang Sri","Tetebatu Selatan","Sikur","Lombok Timur","Dinas PUPR","55","1","2023"
"316","SB-117","Air Bersih","442429.49","9052053.94","-","Pringgasela Timur","Pringgasela","Lombok Timur","Dinas PUPR","72","3","2023"
"317","SB-116","Air Bersih","449537.91","9047257.52","-","Desa Bagik Payung","Suralaga","Lombok Timur","Dinas PUPR","40","1","2022"
"318","SB-115","Irigasi","432310.89","9041607.28","-","Rarang Selatan","Terara","Lombok Timur","Dinas PUPR","80","1","2022"
"319","SB-114","Irigasi","445161.55","9038542.72","-","Lepak","Sakra","Lombok Timur","Dinas PUPR","80","1","2022"
"320","SB-113","Irigasi","443386.29","9025256.84","-","Keruak","Keruak","Lombok Timur","Dinas PUPR","80","1","2022"
"321","SB-112","Air Bersih","442559.8","9042589.71","-","Kabul","Sakra","Lombok Timur","Dinas PUPR","80","1","2022"
"322","SB-111","Air Bersih","471698.21","9044255.17","-","Geres","Labuan Haji","Lombok Timur","Dinas PUPR","68","1","2022"
"323","SB-110","Air Bersih","431571.37","9045322.18","-","Jenggik","Terara","Lombok Timur","Dinas PUPR","80","1","2022"
"324","SB-109","Irigasi","431835.11","9052324.83","-","Jenggik Utara","Montong Gading","Lombok Timur","Dinas PUPR","90","1","2022"
"325","SB-108","Air Bersih","440353.53","9037934.18","-","Tanak Kaken","Sakra Barat","Lombok Timur","Dinas PUPR","80","1","2022"
"326","SB-107","Air Bersih","448077.6","9075649.81","Mentagi","Sembalun","Sembalun","Lombok Timur","Dinas PUPR","70","1","2022"
"327","SB-106","Irigasi","435122.68","9049179.94","Temayang,","Montong Betok","Montong Gading","Lombok Timur","Dinas PUPR","70","1","2021"
"328","SB-105","Irigasi","440838.8","9037282.26","Angke Langit","Gunung Rajak","Sakra Barat","Lombok Timur","Dinas PUPR","75","1","2021"
"329","SB-104","Ai Bersih/permukiman","437804.7","9046376.06","Wengkang,","Loyok","Sikur","Lombok Timur","Dinas PUPR","64","1","2021"
"330","SB-103","Ai Bersih/permukiman","438623.57","9029946.71","Yayasan Insan Madani Diniyah Islamiyah","Sukaraja","Jerowaru","Lombok Timur","Dinas PUPR","75","1","2021"
"331","SB-102","Ai Bersih/permukiman","448076.52","9044393.8","Yph Ponpes Darunnahdlatain Nahdlatul Wathan","Pancor","Selong","Lombok Timur","Dinas PUPR","76","1","2021"
"332","SB-101","Air Bersih","425110.65","9038956.63","Pinggal Bedok","Jurang Jaler","Praya Tengah","Lombok Tengah","Dinas PUPR","84","3.21","2024"
"333","SB-100","Irigasi","-","-","-","Bebuak","Kopang","Lombok Tengah","Dinas PUPR","94","2","2024"
"334","SB-99","Irigasi","432362.46","9029988.14","Telok","Sengkerang","Praya Timur","Lombok Tengah","Dinas PUPR","70","0.35","2024"
"335","SB-98","Air Bersih","424625.93","9039378.77","Monggas II","Monggas","Kopang","Lombok Tengah","Dinas PUPR","76","1.03","2024"
"336","SB-97","Air Bersih","-","-","-","Panjisari","Praya","Lombok Tengah","Dinas PUPR","75","1.1","2024"
"337","SB-96","Air Bersih","425183.48","9038984.78","Dasan Suman","Arjangka","Pringgarata","Lombok Tengah","Dinas PUPR","65","2.42","2024"
"338","SB-95","Irigasi","-","-","-","Pendem","Janapria","Lombok Tengah","Dinas PUPR","71","1.5","2024"
"339","SB-94","Irigasi","425540.43","9024852.28","Sebutan Quik","Pengengat","Pujut","Lombok Tengah","Dinas PUPR","82","0.6","2024"
"340","SB-93","Irigasi","426261.29","9032761.52","Pongkor","Pejanggik","Praya Tengah","Lombok Tengah","Dinas PUPR","75","1.04","2024"
"341","SB-92","Irigasi","-","-","-","Setiling","Batukliang Utara","Lombok Tengah","Dinas PUPR","74","1","2024"
"342","SB-91","Irigasi","434311.23","9040734.94","Janapria","Janapria","Janapria","Lombok Tengah","Dinas PUPR","60","1","2023"
"343","SB-90","Air Bersih","448602.38","9048992.33","Yayasan Rabiatus Saadah","Tampak Siring","Batukliang","Lombok Tengah","Dinas PUPR","72","2","2023"
"344","SB-89","Air Bersih","418743.71","9035944.4","-","Prapen","Praya","Lombok Tengah","Dinas PUPR","80","2","2023"
"345","SB-88","Air Bersih","448072.57","9046022.52","-","Bujak","Batukliang","Lombok Tengah","Dinas PUPR","50","2","2023"
"346","SB-87","Air Bersih","417059.77","9046519.19","-","Pringgarata","Pringgarata","Lombok Tengah","Dinas PUPR","75","1.5","2023"
"347","SB-86","Air Bersih","433292.41","9027925.5","-","Semoyang","Praya Timur","Lombok Tengah","Dinas PUPR","84","1","2023"
"348","SB-85","Air Bersih","-","-","-","Beleka","Praya Timur","Lombok Tengah","Dinas PUPR","84","1","2023"
"349","SB-84","Air Bersih","415217.4","9022453.78","-","Banyu Urip","Praya Barat","Lombok Tengah","Dinas PUPR","60","1","2023"
"350","SB-83","Irigasi","434997.94","9028889.48","-","Ganti","Praya Timur","Lombok Tengah","Dinas PUPR","84","1","2023"
"351","SB-82","Air Bersih","-","-","-","Sengkerang","Praya Timur","Lombok Tengah","Dinas PUPR","84","1","2023"
"352","SB-81","Air Bersih","427671.91","9047043.73","Penyengak","Penyengak","Batukliang","Lombok Tengah","Dinas PUPR","70","2","2023"
"353","SB-80","Air Bersih","425532.33","9040330.15","-","Pengadang","Praya Tengah","Lombok Tengah","Dinas PUPR","74","1.5","2023"
"354","SB-79","Air Bersih","419470.27","9028774.26","Perigi","Ketara","Pujut","Lombok Tengah","Dinas PUPR","56","2","2023"
"355","SB-78","Air Bersih","405770.36","9033839.77","-","Serage","Praya Barat Daya","Lombok Tengah","Dinas PUPR","50","0.5","2023"
"356","SB-77","Air Bersih","416970.64","9033682.5","Karang Daye Bat","Penujak","Praya Barat","Lombok Tengah","Dinas PUPR","52","1","2023"
"357","SB-76","Air Bersih","427940.53","9038295.42","Tanggur II","Beraim","Praya Tengah","Lombok Tengah","Dinas PUPR","80","2.5","2023"
"358","SB-75","Air Bersih","418278.27","9029134.67","Prendek","Tanak Awu","Pujut","Lombok Tengah","Dinas PUPR","60","1.5","2023"
"359","SB-74","Air Bersih","427671.91","9047043.73","Peresak","Bebuak","Kopang","Lombok Tengah","Dinas PUPR","80","2","2023"
"360","SB-73","Air Bersih","425905.19","9042410.53","Montong Batu","Muncan","Kopang","Lombok Tengah","Dinas PUPR","80","1.5","2023"
"361","SB-72","Air Bersih","405498.13","9026267.48","Ledang Bao","Batu Jangkih","Praya Barat","Lombok Tengah","Dinas PUPR","70","1.5","2023"
"362","SB-71","Air Bersih","420030.06","9028328.18","-","Ketara","Pujut","Lombok Tengah","Dinas PUPR","70","0.7","2023"
"363","SB-70","Air Bersih","417138.88","9033876.19","-","Batu Jai","Praya Barat","Lombok Tengah","Dinas PUPR","64","1.5","2023"
"364","SB-69","Irigasi","427933.39","9034014.17","-","Sukaraja","Praya Timur","Lombok Tengah","Dinas PUPR","84","1","2023"
"365","SB-68","Air Bersih","416176.63","9040307.93","-","Puyung","Jonggat","Lombok Tengah","Dinas PUPR","72","1","2023"
"366","SB-67","Irigasi","425920.27","9039446.62","-","Pengadang","Praya Tengah","Lombok Tengah","Dinas PUPR","60","2","2023"
"367","SB-66","Air Bersih","423345.72","9040351.65","Yayasan Madinatul Qurban","Bunut Baok","Praya","Lombok Tengah","Dinas PUPR","76","1.1","2022"
"368","SB-65","Air Bersih","432464.73","9017993.57","Tanak Beak","Mertak","Pujut","Lombok Tengah","Dinas PUPR","72","1","2022"
"369","SB-64","Air Bersih","422685.41","9050921.22","Tanak Bengan","Aik Darek","Batukliang","Lombok Tengah","Dinas PUPR","46","1.1","2022"
"370","SB-63","Air Bersih","423863.04","9050327.86","Tanak Embang Lauk","Selebung","Batukliang","Lombok Tengah","Dinas PUPR","70","1","2022"
"371","SB-62","Air Bersih","417155.89","9025556.57","Dusun Sadang Daye","Kateng","Praya Barat Daya","Lombok Tengah","Dinas PUPR","84","1","2022"
"372","SB-61","Irigasi","411669.1","9026741.18","Panggongan","Pandan Indah","Praya Barat Daya","Lombok Tengah","Dinas PUPR","75","1","2022"
"373","SB-60","Air Bersih","417777.56","9050211.4","Kebun Sirih","Pemepek","Pringgarata","Lombok Tengah","Dinas PUPR","75","1","2022"
"374","SB-59","Air Bersih","421965.99","9026837.84","-","Sengkol","Pujut","Lombok Tengah","Dinas PUPR","55","1","2022"
"375","SB-58","Irigasi","418891.35","9027639.95","-","Pengembur","Pujut","Lombok Tengah","Dinas PUPR","80","1","2022"
"376","SB-57","Irigasi","428056.84","9027503.41","-","Marong","Praya Timur","Lombok Tengah","Dinas PUPR","80","1","2022"
"377","SB-56","Irigasi","412284.65","9034248.12","-","Darek","Praya Barat Daya","Lombok Tengah","Dinas PUPR","68","1","2022"
"378","SB-55","Air Bersih","414722.02","9034603.33","-","Batujai","Praya Barat","Lombok Tengah","Dinas PUPR","80","1","2022"
"379","SB-54","Air Bersih","420613.52","9028745.26","Batu Riti","Ketara","Pujut","Lombok Tengah","Dinas PUPR","70","1","2022"
"380","SB-53","Irigasi","433076.39","9037445.25","-","Setuta","Janapria","Lombok Tengah","Dinas PUPR","72","1","2022"
"381","SB-52","Irigasi","432464.73","9017993.57","-","Mertak","Pujut","Lombok Tengah","Dinas PUPR","70","1","2022"
"382","SB-51","Irigasi","434322.9","9040891.84","-","Janapria","Janapria","Lombok Tengah","Dinas PUPR","70","1","2022"
"383","SB-50","Pertanian","426194.38","9045813.67","-","Bujak","Batukliang","Lombok Tengah","Dinas PUPR","70","1","2022"
"384","SB-49","Air Bersih","432015.66","9025034.45","-","Bilelando","Praya Timur","Lombok Tengah","Dinas PUPR","85","1","2022"
"385","SB-48","Irigasi","424562.57","9030620.28","Gampung","Kawo","Pujut","Lombok Tengah","Dinas PUPR","64","1","2021"
"386","SB-47","Irigasi","419021.64","9037567.09","-","Panjisari","Praya","Lombok Tengah","Dinas PUPR","64","1","2021"
"387","SB-46","Irigasi","458365.03","8995022.32","Bebak","Kopang Rembiga","Kopang","Lombok Tengah","Dinas PUPR","80","1","2021"
"388","SB-45","Irigasi","414038.17","9040222.35","-","Nyerot","Jonggat","Lombok Tengah","Dinas PUPR","70","1","2021"
"389","SB-44","Irigasi","428480.81","9047466.85","Gubuk Alang","Kopang Rembiga","Kopang","Lombok Tengah","Dinas PUPR","70","1","2021"
"390","SB-43","Ai Bersih/permukiman","418176.39","9033842.47","Lingkungan Karang Baru Darat","Sasake","Praya Tengah","Lombok Tengah","Dinas PUPR","65","1","2021"
"391","SB-42","Ai Bersih/permukiman","419654.57","9038482.62","Tebero","Leneng","Praya","Lombok Tengah","Dinas PUPR","65","1","2021"
"392","SB-41","Irigasi","425845.35","9025094.11","Sebute","Pengengat","Pujut","Lombok Tengah","Dinas PUPR","80","1","2021"
"393","SB-40","Ai Bersih/permukiman","405761.33","9027448.31","Montong Sidu","Montong Sapah","Praya Barat Daya","Lombok Tengah","Dinas PUPR","70","1","2021"
"394","SB-39","Ai Bersih/permukiman","432362.93","9030287.97","Pinggir Desa","Sengkerang","Praya Timur","Lombok Tengah","Dinas PUPR","70","1","2021"
"395","SB-38","Ai Bersih/permukiman","417974.95","9033418.24","Selanglet","Penujak","Praya Barat","Lombok Tengah","Dinas PUPR","80","1","2021"
"396","SB-37","Irigasi","423831.97","9049086.42","Tojong-ojong","Selebung","Batu Kliang","Lombok Tengah","Dinas PUPR","80","1","2021"
"397","SB-36","Irigasi","408572.79","9052050.07","Lingsar Timur","Lingsar","Lingsar","Lombok Barat","Dinas PUPR","48","2","2023"
"398","SB-35","Air Bersih","409337.13","9038189.03","Perendekan Daye","Giri Sasak","Kuripan","Lombok Barat","Dinas PUPR","50","1","2022"
"399","SB-34","Air Bersih","408906.02","9037029.59","Lendangsedi","Giri Sasak","Kuripan","Lombok Barat","Dinas PUPR","44","1","2022"
"400","SB-33","Air Bersih","-","-","Lesehan Tanak Maik","Golong","Narmada","Lombok Barat","Dinas PUPR","20","1","2022"
"401","SB-32","Ai Bersih/permukiman","402448.07","9056628.55","Medas Baru","Taman Sari","Gunung Sari","Lombok Barat","Dinas PUPR","68","1","2021"
"402","SB-31","Ai Bersih/permukiman","407451.05","9053701.43","Langko Lauq","Langko","Lingsar","Lombok Barat","Dinas PUPR","60","1.3","2021"
"403","SB-30","Irigasi","658920.84","9041965.24","-","Lanei","Pajo","Dompu","Dinas PUPR","60","1","2022"
"404","SB-29","Air Bersih","635752.455","9054224.243","-","Soro Barat","Kempo","Dompu","Dinas PUPR","35","1","2023"
"405","SB-28","Air Bersih","666108.471","9059094.679","RT.09 RW.005","Katua","Dompu","Dompu","Dinas PUPR","84","2.5","2023"
"406","SB-27","Air Bersih","659455.444","9056340.906","RT.025 RW.005","Simpasai","Woja","Dompu","Dinas PUPR","80","2","2023"
"407","SB-26","Air Bersih","659501.742","9055478.129","RT.003 RW.002","Simpasai","Woja","Dompu","Dinas PUPR","80","2","2023"
"408","SB-25","Air Bersih","660546.978","9055247.785","-","Kandai","Dompu","Dompu","Dinas PUPR","66","1","2023"
"409","SB-24","Air Bersih","690761.361","9093139.004","-","Kadindi Barat","Pekat","Dompu","Dinas PUPR","100","1","2023"
"410","SB-23","Irigasi","593240.7","9075028.15","Ngguwu Belanda","Sori Tatangga","Pekat","Dompu","Dinas PUPR","48","1","2022"
"411","SB-22","Irigasi","663277.33","9048267.28","-","Ranggo","Pajo","Dompu","Dinas PUPR","90","1","2022"
"412","SB-21","Irigasi","638610.84","9058973.04","Poktan Ndano Na'e 1","Ta'a","Kempo","Dompu","Dinas PUPR","70","1","2022"
"413","SB-20","Irigasi","664266.94","9059325.87","-","Rato","Bolo","Bima","Dinas PUPR","76","2","2024"
"414","SB-19","Irigasi","-","-","-","Leu","Bolo","Bima","Dinas PUPR","40","0","2024"
"415","SB-18","Air Bersih","-","-","Ntonggu Baru","Ntonggu","Palibelo","Bima","Dinas PUPR","80","1","2023"
"416","SB-17","Air Bersih","-","-","-","Wadu Wani","Woha","Bima","Dinas PUPR","40","1","2023"
"417","SB-16","Air Bersih","587798.42","-954100000000","-","Risa","Woha","Bima","Dinas PUPR","40","1","2023"
"418","SB-15","Air Bersih","405542.54","-94310000000","-","Rada","Bolo","Bima","Dinas PUPR","40","1","2023"
"419","SB-14","Air Bersih","-","-","-","Karumbu","Langgudu","Bima","Dinas PUPR","40","1","2023"
"420","SB-13","Air Bersih","500000","-946700000000","-","Dena","Madapangga","Bima","Dinas PUPR","40","1","2023"
"421","SB-12","Irigasi","721985.42","9046685.11","-","Sumi","Lambu","Bima","Dinas PUPR","75","1","2022"
"422","SB-11","Air Bersih/permukiman","708088.01","9051339.03","-","Sari","Sape","Bima","Dinas PUPR","76","1","2022"
"423","SB-10","Irigasi","724699.03","9060825.51","-","Poja","Sape","Bima","Dinas PUPR","60","1","2022"
"424","SB-9","Air Bersih","688766.89","9048523.6","-","Runggu","Belo","Bima","Dinas PUPR","40","1","2022"
"425","SB-8","Air Bersih/permukiman","688766.89","9048523.6","-","Renda","Belo","Bima","Dinas PUPR","40","1","2022"
"426","SB-7","Irigasi","688766.89","9048523.6","-","Parangina","Sape","Bima","Dinas PUPR","40","1","2022"
"427","SB-6","Irigasi","688766.89","9048523.6","-","Dore","Palibelo","Bima","Dinas PUPR","40","1","2022"
"428","SB-5","Irigasi","698000.46","9037280.72","-","Rompo","Langgudu","Bima","Dinas PUPR","70","1","2021"
"429","SB-4","Irigasi","680351.11","9046173.03","Poktan Tolo Ribo 1","Keli","Woha","Bima","Dinas PUPR","53","1","2021"
"430","SB-3","Irigasi","675675.67","9055593.35","Poktan So Sera Leu","Rade","Madapangga","Bima","Dinas PUPR","53","1","2021"
"431","SB-2","Irigasi","685365.96","9045938.6","Poktan Tani So Jati II","Sakuru","Monta","Bima","Dinas PUPR","53","1","2021"
"432","SB-1","Irigasi","685582.33","9049105.51","-","Samili","Woha","Bima","Dinas PUPR","75","1","2021"
